date,temp_c,month,year,climatology_c,anomaly_c,ma12_c,anomaly_ma12_c
2010-01-01,-5.8065,1,2010,-2.6566,-3.1499,,
2010-02-01,1.3000,2,2010,0.4787,0.8213,,
2010-03-01,4.7774,3,2010,6.3639,-1.5865,,
2010-04-01,9.6500,4,2010,12.6111,-2.9611,,
2010-05-01,17.1258,5,2010,18.2176,-1.0918,,
2010-06-01,23.1167,6,2010,23.1344,-0.0178,,
2010-07-01,26.0258,7,2010,26.1133,-0.0875,,
2010-08-01,26.7806,8,2010,26.6116,0.1690,,
2010-09-01,21.9167,9,2010,21.9102,0.0064,,
2010-10-01,14.0000,10,2010,14.6667,-0.6667,,
2010-11-01,6.1033,11,2010,7.4862,-1.3829,,
2010-12-01,-1.2774,12,2010,-0.7841,-0.4933,11.9760,-0.8701
2011-01-01,-7.3323,1,2011,-2.6566,-4.6757,11.8489,-0.9972
2011-02-01,0.6393,2,2011,0.4787,0.1606,11.7938,-1.0523
2011-03-01,3.5806,3,2011,6.3639,-2.7832,11.6941,-1.1520
2011-04-01,10.5367,4,2011,12.6111,-2.0744,11.7680,-1.0781
2011-05-01,17.4935,5,2011,18.2176,-0.7241,11.7986,-1.0475
2011-06-01,21.7267,6,2011,23.1344,-1.4078,11.6828,-1.1633
2011-07-01,25.0677,7,2011,26.1133,-1.0456,11.6030,-1.2431
2011-08-01,25.9613,8,2011,26.6116,-0.6503,11.5347,-1.3114
2011-09-01,21.4867,9,2011,21.9102,-0.4236,11.4988,-1.3473
2011-10-01,13.6355,10,2011,14.6667,-1.0312,11.4685,-1.3776
2011-11-01,10.7600,11,2011,7.4862,3.2738,11.8565,-0.9896
2011-12-01,-1.0935,12,2011,-0.7841,-0.3095,11.8718,-0.9742
2012-01-01,-3.0581,1,2012,-2.6566,-0.4015,12.2280,-0.6181
2012-02-01,-2.1897,2,2012,0.4787,-2.6684,11.9923,-0.8538
2012-03-01,4.9548,3,2012,6.3639,-1.4090,12.1068,-0.7393
2012-04-01,12.1067,4,2012,12.6111,-0.5044,12.2376,-0.6085
2012-05-01,19.3387,5,2012,18.2176,1.1211,12.3914,-0.4547
2012-06-01,24.6233,6,2012,23.1344,1.4889,12.6328,-0.2133
2012-07-01,25.5548,7,2012,26.1133,-0.5585,12.6734,-0.1727
2012-08-01,26.9194,8,2012,26.6116,0.3077,12.7532,-0.0929
2012-09-01,20.5967,9,2012,21.9102,-1.3136,12.6791,-0.1670
2012-10-01,14.4000,10,2012,14.6667,-0.2667,12.7428,-0.1033
2012-11-01,5.3333,11,2012,7.4862,-2.1529,12.2905,-0.5556
2012-12-01,-4.3194,12,2012,-0.7841,-3.5353,12.0217,-0.8244
2013-01-01,-4.3710,1,2013,-2.6566,-1.7144,11.9123,-0.9338
2013-02-01,-2.2321,2,2013,0.4787,-2.7108,11.9088,-0.9373
2013-03-01,4.6774,3,2013,6.3639,-1.6865,11.8857,-0.9604
2013-04-01,9.8800,4,2013,12.6111,-2.7311,11.7001,-1.1460
2013-05-01,17.5194,5,2013,18.2176,-0.6983,11.5485,-1.2976
2013-06-01,23.8600,6,2013,23.1344,0.7256,11.4849,-1.3612
2013-07-01,25.8419,7,2013,26.1133,-0.2714,11.5088,-1.3373
2013-08-01,27.2258,8,2013,26.6116,0.6142,11.5343,-1.3118
2013-09-01,21.2133,9,2013,21.9102,-0.6969,11.5857,-1.2604
2013-10-01,15.1323,10,2013,14.6667,0.4656,11.6467,-1.1994
2013-11-01,6.0233,11,2013,7.4862,-1.4629,11.7042,-1.1419
2013-12-01,-0.6323,12,2013,-0.7841,0.1518,12.0115,-0.8346
2014-01-01,-1.1806,1,2014,-2.6566,1.4759,12.2774,-0.5687
2014-02-01,1.5714,2,2014,0.4787,1.0927,12.5943,-0.2518
2014-03-01,7.3355,3,2014,6.3639,0.9716,12.8158,-0.0303
2014-04-01,13.6800,4,2014,12.6111,1.0689,13.1325,0.2864
2014-05-01,18.3226,5,2014,18.2176,0.1049,13.1994,0.3533
2014-06-01,23.1700,6,2014,23.1344,0.0356,13.1419,0.2958
2014-07-01,26.1548,7,2014,26.1133,0.0415,13.1680,0.3219
2014-08-01,24.7548,8,2014,26.6116,-1.8568,12.9621,0.1160
2014-09-01,21.4667,9,2014,21.9102,-0.4436,12.9832,0.1371
2014-10-01,14.6774,10,2014,14.6667,0.0108,12.9453,0.0992
2014-11-01,8.1000,11,2014,7.4862,0.6138,13.1184,0.2723
2014-12-01,-2.5710,12,2014,-0.7841,-1.7869,12.9568,0.1107
2015-01-01,-1.1194,1,2015,-2.6566,1.5372,12.9619,0.1158
2015-02-01,0.8750,2,2015,0.4787,0.3963,12.9039,0.0578
2015-03-01,5.7000,3,2015,6.3639,-0.6639,12.7676,-0.0785
2015-04-01,13.2233,4,2015,12.6111,0.6122,12.7295,-0.1166
2015-05-01,18.6387,5,2015,18.2176,0.4211,12.7559,-0.0902
2015-06-01,23.3833,6,2015,23.1344,0.2489,12.7737,-0.0724
2015-07-01,25.8290,7,2015,26.1133,-0.2843,12.7465,-0.0996
2015-08-01,26.1226,8,2015,26.6116,-0.4890,12.8605,0.0144
2015-09-01,22.2400,9,2015,21.9102,0.3298,12.9249,0.0788
2015-10-01,15.1968,10,2015,14.6667,0.5301,12.9682,0.1221
2015-11-01,9.3333,11,2015,7.4862,1.8471,13.0710,0.2249
2015-12-01,1.6968,12,2015,-0.7841,2.4809,13.4266,0.5805
2016-01-01,-2.7710,1,2016,-2.6566,-0.1144,13.2890,0.4429
2016-02-01,0.4621,2,2016,0.4787,-0.0166,13.2546,0.4085
2016-03-01,6.6903,3,2016,6.3639,0.3265,13.3371,0.4910
2016-04-01,14.0400,4,2016,12.6111,1.4289,13.4052,0.5591
2016-05-01,19.1000,5,2016,18.2176,0.8824,13.4436,0.5975
2016-06-01,23.3033,6,2016,23.1344,0.1689,13.4369,0.5908
2016-07-01,25.8484,7,2016,26.1133,-0.2649,13.4386,0.5925
2016-08-01,27.2774,8,2016,26.6116,0.6658,13.5348,0.6887
2016-09-01,22.5233,9,2016,21.9102,0.6131,13.5584,0.7123
2016-10-01,15.6935,10,2016,14.6667,1.0269,13.5998,0.7537
2016-11-01,6.8067,11,2016,7.4862,-0.6796,13.3892,0.5431
2016-12-01,1.3613,12,2016,-0.7841,2.1454,13.3613,0.5152
2017-01-01,-1.6258,1,2017,-2.6566,1.0308,13.4567,0.6106
2017-02-01,0.0857,2,2017,0.4787,-0.3930,13.4254,0.5793
2017-03-01,5.9065,3,2017,6.3639,-0.4574,13.3600,0.5139
2017-04-01,13.9033,4,2017,12.6111,1.2922,13.3486,0.5025
2017-05-01,19.0968,5,2017,18.2176,0.8791,13.3484,0.5023
2017-06-01,23.0167,6,2017,23.1344,-0.1178,13.3245,0.4784
2017-07-01,26.6548,7,2017,26.1133,0.5415,13.3917,0.5456
2017-08-01,25.5194,8,2017,26.6116,-1.0923,13.2452,0.3991
2017-09-01,20.9400,9,2017,21.9102,-0.9702,13.1132,0.2671
2017-10-01,15.2645,10,2017,14.6667,0.5978,13.0775,0.2314
2017-11-01,5.4267,11,2017,7.4862,-2.0596,12.9625,0.1164
2017-12-01,-1.7516,12,2017,-0.7841,-0.9675,12.7031,-0.1430
2018-01-01,-3.9710,1,2018,-2.6566,-1.3144,12.5076,-0.3385
2018-02-01,-1.7821,2,2018,0.4787,-2.2608,12.3520,-0.4941
2018-03-01,7.5129,3,2018,6.3639,1.1490,12.4859,-0.3602
2018-04-01,12.5867,4,2018,12.6111,-0.0244,12.3761,-0.4700
2018-05-01,17.9387,5,2018,18.2176,-0.2789,12.2796,-0.5665
2018-06-01,22.4700,6,2018,23.1344,-0.6644,12.2341,-0.6120
2018-07-01,27.1484,7,2018,26.1133,1.0351,12.2752,-0.5709
2018-08-01,28.2516,8,2018,26.6116,1.6400,12.5029,-0.3432
2018-09-01,20.8933,9,2018,21.9102,-1.0169,12.4990,-0.3471
2018-10-01,12.4129,10,2018,14.6667,-2.2538,12.2614,-0.5847
2018-11-01,7.0900,11,2018,7.4862,-0.3962,12.4000,-0.4461
2018-12-01,-1.1355,12,2018,-0.7841,-0.3514,12.4513,-0.3948
2019-01-01,-1.5613,1,2019,-2.6566,1.0953,12.6521,-0.1940
2019-02-01,0.5393,2,2019,0.4787,0.0606,12.8456,-0.0005
2019-03-01,6.4226,3,2019,6.3639,0.0587,12.7547,-0.0914
2019-04-01,11.8067,4,2019,12.6111,-0.8044,12.6897,-0.1564
2019-05-01,18.7290,5,2019,18.2176,0.5114,12.7556,-0.0905
2019-06-01,21.9233,6,2019,23.1344,-1.2111,12.7100,-0.1361
2019-07-01,25.8613,7,2019,26.1133,-0.2520,12.6028,-0.2433
2019-08-01,26.7258,8,2019,26.6116,0.1142,12.4756,-0.3705
2019-09-01,22.0600,9,2019,21.9102,0.1498,12.5728,-0.2733
2019-10-01,15.7548,10,2019,14.6667,1.0882,12.8513,0.0052
2019-11-01,7.0433,11,2019,7.4862,-0.4429,12.8474,0.0014
2019-12-01,1.0484,12,2019,-0.7841,1.8325,13.0294,0.1833
2020-01-01,1.0935,1,2020,-2.6566,3.7501,13.2507,0.4046
2020-02-01,2.2759,2,2020,0.4787,1.7972,13.3954,0.5493
2020-03-01,7.2903,3,2020,6.3639,0.9265,13.4677,0.6216
2020-04-01,11.1700,4,2020,12.6111,-1.4411,13.4146,0.5685
2020-05-01,17.9645,5,2020,18.2176,-0.2531,13.3509,0.5048
2020-06-01,23.4200,6,2020,23.1344,0.2856,13.4757,0.6296
2020-07-01,23.9161,7,2020,26.1133,-2.1972,13.3136,0.4675
2020-08-01,26.5548,8,2020,26.6116,-0.0568,13.2993,0.4532
2020-09-01,21.0000,9,2020,21.9102,-0.9102,13.2110,0.3649
2020-10-01,13.9065,10,2020,14.6667,-0.7602,13.0569,0.2109
2020-11-01,7.7600,11,2020,7.4862,0.2738,13.1167,0.2706
2020-12-01,-0.9581,12,2020,-0.7841,-0.1740,12.9495,0.1034
2021-01-01,-2.7968,1,2021,-2.6566,-0.1402,12.6253,-0.2208
2021-02-01,2.1036,2,2021,0.4787,1.6249,12.6109,-0.2352
2021-03-01,8.3419,3,2021,6.3639,1.9781,12.6986,-0.1475
2021-04-01,13.9033,4,2021,12.6111,1.2922,12.9263,0.0802
2021-05-01,16.8000,5,2021,18.2176,-1.4176,12.8293,-0.0168
2021-06-01,22.5467,6,2021,23.1344,-0.5878,12.7565,-0.0896
2021-07-01,27.8194,7,2021,26.1133,1.7060,13.0818,0.2357
2021-08-01,25.8516,8,2021,26.6116,-0.7600,13.0232,0.1771
2021-09-01,22.2667,9,2021,21.9102,0.3564,13.1287,0.2826
2021-10-01,15.3226,10,2021,14.6667,0.6559,13.2467,0.4006
2021-11-01,7.7133,11,2021,7.4862,0.2271,13.2429,0.3968
2021-12-01,0.3097,12,2021,-0.7841,1.0938,13.3485,0.5024
2022-01-01,-2.6806,1,2022,-2.6566,-0.0241,13.3582,0.5121
2022-02-01,-1.2929,2,2022,0.4787,-1.7716,13.0751,0.2290
2022-03-01,6.9161,3,2022,6.3639,0.5523,12.9563,0.1102
2022-04-01,13.7433,4,2022,12.6111,1.1322,12.9430,0.0969
2022-05-01,18.4258,5,2022,18.2176,0.2082,13.0785,0.2324
2022-06-01,23.2033,6,2022,23.1344,0.0689,13.1332,0.2871
2022-07-01,26.8774,7,2022,26.1133,0.7641,13.0547,0.2086
2022-08-01,25.4677,8,2022,26.6116,-1.1439,13.0227,0.1766
2022-09-01,21.7333,9,2022,21.9102,-0.1769,12.9783,0.1322
2022-10-01,13.8032,10,2022,14.6667,-0.8634,12.8517,0.0056
2022-11-01,9.2000,11,2022,7.4862,1.7138,12.9755,0.1294
2022-12-01,-3.2516,12,2022,-0.7841,-2.4675,12.6788,-0.1673
2023-01-01,-1.9806,1,2023,-2.6566,0.6759,12.7371,-0.1090
2023-02-01,1.3286,2,2023,0.4787,0.8499,12.9556,0.1095
2023-03-01,8.7194,3,2023,6.3639,2.3555,13.1058,0.2597
2023-04-01,13.4333,4,2023,12.6111,0.8222,13.0800,0.2339
2023-05-01,18.8065,5,2023,18.2176,0.5888,13.1117,0.2656
2023-06-01,23.1133,6,2023,23.1344,-0.0211,13.1042,0.2581
2023-07-01,26.4613,7,2023,26.1133,0.3480,13.0695,0.2234
2023-08-01,26.9226,8,2023,26.6116,0.3110,13.1908,0.3447
2023-09-01,23.3233,9,2023,21.9102,1.4131,13.3233,0.4772
2023-10-01,14.8516,10,2023,14.6667,0.1849,13.4106,0.5645
2023-11-01,6.6567,11,2023,7.4862,-0.8296,13.1987,0.3526
2023-12-01,0.9452,12,2023,-0.7841,1.7292,13.5484,0.7023
2024-01-01,-0.6871,1,2024,-2.6566,1.9695,13.6562,0.8101
2024-02-01,3.4966,2,2024,0.4787,3.0178,13.8369,0.9908
2024-03-01,6.6323,3,2024,6.3639,0.2684,13.6630,0.8169
2024-04-01,15.5033,4,2024,12.6111,2.8922,13.8355,0.9894
2024-05-01,17.9645,5,2024,18.2176,-0.2531,13.7653,0.9192
2024-06-01,24.1400,6,2024,23.1344,1.0056,13.8509,1.0048
2024-07-01,26.6387,7,2024,26.1133,0.5254,13.8656,1.0195
2024-08-01,28.8387,8,2024,26.6116,2.2271,14.0253,1.1792
2024-09-01,24.9933,9,2024,21.9102,3.0831,14.1645,1.3184
2024-10-01,15.9484,10,2024,14.6667,1.2817,14.2559,1.4098
2024-11-01,8.9433,11,2024,7.4862,1.4571,14.4464,1.6003
2024-12-01,-0.1323,12,2024,-0.7841,0.6518,14.3566,1.5106
